timestamp,phase,privateBytes,rssBytes,outputBytes
2026-10-08T11:54:43.755Z,blank-startup-settle,280231936,574271488,
2026-10-08T11:54:46.440Z,blank-startup-settle,287256576,591413248,
2026-10-08T11:54:49.013Z,blank-startup-settle,287469568,591835136,
2026-10-08T11:54:51.547Z,blank-startup-settle,274472960,578994176,
2026-10-08T11:54:54.104Z,blank-startup-settle,272564224,577478656,
2026-10-08T11:54:56.850Z,blank-startup-settle,273174528,577904640,
2026-10-08T11:54:59.432Z,blank-startup-settle,255172608,531259392,
2026-10-08T11:55:01.969Z,blank-startup-settle,255180800,528117760,
2026-10-08T11:55:04.548Z,blank-startup-settle,255184896,528134144,
2026-10-08T11:55:07.113Z,blank-startup-settle,255221760,528343040,
2026-10-08T11:55:09.772Z,blank-startup-settle,268681216,594804736,
2026-10-08T11:55:12.398Z,blank-startup-settle,254951424,528375808,
2026-10-08T11:55:14.947Z,blank-startup-settle,248082432,528031744,
2026-10-08T11:55:17.540Z,blank-startup-settle,248320000,528117760,
2026-10-08T11:55:20.198Z,blank-startup-settle,248320000,528117760,
2026-10-08T11:55:22.788Z,blank-startup-settle,245788672,525918208,
2026-10-08T11:55:25.332Z,blank-startup-settle,245788672,525918208,
2026-10-08T11:55:27.889Z,blank-startup-settle,245792768,525922304,
2026-10-08T11:55:30.445Z,blank-startup-settle,245792768,525926400,
2026-10-08T11:55:33.018Z,blank-startup-settle,245792768,525926400,
2026-10-08T11:55:35.584Z,blank-startup-settle,245792768,525926400,
2026-10-08T11:55:38.178Z,blank-startup-settle,245796864,525930496,
2026-10-08T11:55:40.733Z,blank-startup-settle,245796864,525930496,
2026-10-08T11:55:43.285Z,blank-startup-settle,241324032,522653696,
2026-10-08T11:55:45.883Z,blank-startup-settle,241778688,523563008,
2026-10-08T11:55:48.433Z,blank-startup-settle,241393664,523239424,
2026-10-08T11:55:51.003Z,blank-startup-settle,241393664,523239424,
2026-10-08T11:55:53.538Z,blank-startup-settle,241414144,523374592,
2026-10-08T11:55:56.112Z,blank-startup-settle,241397760,523358208,
2026-10-08T11:55:58.693Z,blank-startup-settle,241397760,523366400,
2026-10-08T11:56:01.247Z,blank-startup-settle,241397760,523366400,
2026-10-08T11:56:03.828Z,blank-startup-settle,241528832,523431936,
2026-10-08T11:56:06.354Z,blank-startup-settle,241528832,523431936,
2026-10-08T11:56:08.944Z,blank-startup-settle,241405952,523382784,
2026-10-08T11:56:11.546Z,blank-startup-settle,241405952,523448320,
2026-10-08T11:56:14.142Z,blank-startup-settle,241405952,523509760,
2026-10-08T11:56:16.709Z,blank-startup-settle,241291264,523395072,
2026-10-08T11:56:19.277Z,blank-startup-settle,241291264,523399168,
2026-10-08T11:56:21.905Z,blank-startup-settle,241291264,523399168,
2026-10-08T11:56:24.457Z,blank-startup-settle,241291264,523399168,
2026-10-08T11:56:27.026Z,blank-startup-settle,241291264,523399168,
2026-10-08T11:56:29.623Z,blank-startup-settle,241233920,523395072,
2026-10-08T11:56:32.191Z,blank-startup-settle,241201152,523358208,
2026-10-08T11:56:34.747Z,blank-startup-settle,241201152,523358208,
2026-10-08T11:56:37.297Z,blank-startup-settle,241184768,523407360,
2026-10-08T11:56:39.859Z,blank-startup-settle,241184768,523403264,
2026-10-08T11:56:42.383Z,blank-startup-settle,241184768,523403264,
2026-10-08T11:56:44.918Z,blank-startup-settle,285990912,562753536,
2026-10-08T11:56:47.470Z,blank-startup-settle,240885760,523751424,
2026-10-08T11:56:50.018Z,blank-startup-settle,240885760,523755520,
2026-10-08T11:56:52.574Z,blank-startup-settle,240885760,523759616,
2026-10-08T11:56:55.102Z,blank-startup-settle,240885760,523759616,
2026-10-08T11:56:57.666Z,blank-startup-settle,240689152,523698176,
2026-10-08T11:57:00.224Z,blank-startup-settle,240689152,523698176,
2026-10-08T11:57:02.859Z,blank-startup-settle,240689152,523698176,
2026-10-08T11:57:05.384Z,blank-startup-settle,240951296,523763712,
2026-10-08T11:57:07.931Z,blank-startup-settle,240951296,523763712,
2026-10-08T11:57:10.457Z,blank-startup-settle,240951296,523763712,
2026-10-08T11:57:12.992Z,blank-startup-settle,241041408,523804672,
2026-10-08T11:57:15.514Z,blank-startup-settle,241041408,523804672,
2026-10-08T11:57:18.052Z,blank-startup-settle,242089984,523816960,
2026-10-08T11:57:20.585Z,blank-startup-settle,242089984,523816960,
2026-10-08T11:57:23.120Z,blank-startup-settle,242089984,523816960,
2026-10-08T11:57:25.643Z,blank-startup-settle,242089984,523816960,
2026-10-08T11:57:28.170Z,blank-startup-settle,242089984,523816960,
2026-10-08T11:57:30.703Z,blank-startup-settle,242089984,523882496,
2026-10-08T11:57:33.245Z,blank-startup-settle,242089984,523886592,
2026-10-08T11:57:35.784Z,blank-startup-settle,242225152,523939840,
2026-10-08T11:57:38.361Z,blank-startup-settle,242225152,523939840,
2026-10-08T11:57:40.913Z,blank-startup-settle,241020928,523317248,
2026-10-08T11:57:43.461Z,blank-startup-settle,282902528,557977600,
2026-10-08T11:57:46.137Z,blank-startup-settle,545116160,770154496,
2026-10-08T11:57:48.905Z,blank-startup-settle,241475584,524316672,
2026-10-08T11:57:51.479Z,blank-startup-settle,241418240,524259328,
2026-10-08T11:57:54.162Z,blank-startup-settle,241418240,524259328,
2026-10-08T11:57:56.694Z,blank-startup-settle,241426432,524263424,
2026-10-08T11:57:59.257Z,blank-startup-settle,241418240,524320768,
2026-10-08T11:58:01.768Z,blank-startup-settle,241418240,524320768,
2026-10-08T11:58:04.439Z,blank-startup-settle,241360896,524292096,
2026-10-08T11:58:07.081Z,blank-startup-settle,241352704,524210176,
2026-10-08T11:58:09.567Z,blank-startup-settle,241356800,524210176,
2026-10-08T11:58:12.124Z,blank-startup-settle,241356800,524210176,
2026-10-08T11:58:14.675Z,blank-startup-settle,241356800,524210176,
2026-10-08T11:58:17.238Z,blank-startup-settle,241356800,523956224,
2026-10-08T11:58:19.815Z,blank-startup-settle,241356800,523956224,
2026-10-08T11:58:22.332Z,blank-startup-settle,241401856,523976704,
2026-10-08T11:58:24.860Z,blank-startup-settle,241401856,524046336,
2026-10-08T11:58:27.487Z,blank-startup-settle,241401856,524046336,
2026-10-08T11:58:30.044Z,blank-startup-settle,241401856,524046336,
2026-10-08T11:58:32.584Z,blank-startup-settle,241401856,524046336,
2026-10-08T11:58:35.160Z,blank-startup-settle,241401856,524046336,
2026-10-08T11:58:37.683Z,blank-startup-settle,241405952,524050432,
2026-10-08T11:58:40.246Z,blank-startup-settle,241405952,524050432,
2026-10-08T11:58:42.757Z,blank-startup-settle,241426432,524066816,
2026-10-08T11:58:45.268Z,blank-startup-settle,241442816,523984896,
2026-10-08T11:58:47.809Z,blank-startup-settle,241401856,523964416,
2026-10-08T11:58:50.293Z,blank-startup-settle,241434624,523976704,
2026-10-08T11:58:52.944Z,blank-startup-settle,241668096,523976704,
2026-10-08T11:58:55.467Z,blank-startup-settle,241668096,523984896,
2026-10-08T11:58:58.146Z,blank-startup-settle,241668096,523993088,
2026-10-08T11:59:00.832Z,blank-startup-settle,241668096,523997184,
2026-10-08T11:59:03.586Z,blank-startup-settle,241672192,524009472,
2026-10-08T11:59:06.287Z,blank-startup-settle,241672192,524013568,
2026-10-08T11:59:08.824Z,blank-startup-settle,241672192,524021760,
2026-10-08T11:59:11.363Z,blank-startup-settle,241483776,523972608,
2026-10-08T11:59:13.897Z,blank-startup-settle,241483776,523980800,
2026-10-08T11:59:16.679Z,blank-startup-settle,241483776,523984896,
2026-10-08T11:59:19.230Z,blank-startup-settle,241483776,524054528,
2026-10-08T11:59:21.751Z,blank-startup-settle,241483776,524054528,
2026-10-08T11:59:24.426Z,blank-startup-settle,241483776,524054528,
2026-10-08T11:59:26.978Z,blank-startup-settle,241483776,524054528,
2026-10-08T11:59:29.574Z,blank-startup-settle,241483776,524054528,
2026-10-08T11:59:32.113Z,blank-startup-settle,241483776,524054528,
2026-10-08T11:59:34.642Z,blank-startup-settle,241487872,524058624,
2026-10-08T11:59:37.155Z,blank-startup-settle,241487872,524058624,
2026-10-08T11:59:39.666Z,blank-startup-settle,241491968,524062720,
2026-10-08T11:59:42.163Z,blank-startup-settle,241491968,524062720,
2026-10-08T11:59:44.665Z,blank-baseline,242397184,526172160,
2026-10-08T11:59:46.192Z,blank-baseline,242618368,526495744,
2026-10-08T11:59:47.682Z,blank-baseline,242384896,526249984,
2026-10-08T11:59:49.205Z,blank-baseline,242388992,526254080,
2026-10-08T11:59:50.702Z,blank-baseline,242393088,526258176,
2026-10-08T11:59:52.184Z,blank-baseline,242388992,526258176,
2026-10-08T11:59:53.696Z,blank-baseline,242393088,526262272,
2026-10-08T11:59:54.565Z,loaded-idle,300871680,606896128,
2026-10-08T11:59:56.110Z,loaded-idle,297664512,604061696,
2026-10-08T11:59:57.629Z,loaded-idle,312446976,627884032,
2026-10-08T11:59:59.139Z,loaded-idle,312438784,627924992,
2026-10-08T12:00:00.691Z,loaded-idle,311611392,627048448,
2026-10-08T12:00:02.353Z,loaded-idle,311611392,627101696,
2026-10-08T12:00:03.958Z,loaded-idle,311554048,627179520,
2026-10-08T12:00:04.576Z,pre-conversion-1,320933888,640221184,
2026-10-08T12:00:05.303Z,conversion-1,439631872,729985024,0
2026-10-08T12:00:07.117Z,conversion-1,452882432,767279104,509291
2026-10-08T12:00:08.850Z,conversion-1,441495552,760176640,769119
2026-10-08T12:00:10.599Z,conversion-1,442920960,766189568,1612877
2026-10-08T12:00:12.347Z,conversion-1,446287872,770494464,2850763
2026-10-08T12:00:14.110Z,conversion-1,439242752,766644224,3980307
2026-10-08T12:00:15.838Z,conversion-1,447000576,773881856,4830074
2026-10-08T12:00:17.571Z,conversion-1,438046720,766050304,5484650
2026-10-08T12:00:19.328Z,conversion-1,448405504,775827456,6280233
2026-10-08T12:00:21.069Z,conversion-1,446038016,774344704,6807449
2026-10-08T12:00:22.794Z,conversion-1,451739648,779591680,7373951
2026-10-08T12:00:24.510Z,conversion-1,458334208,784486400,7942949
2026-10-08T12:00:26.240Z,conversion-1,451850240,779812864,8935806
2026-10-08T12:00:27.984Z,conversion-1,456093696,784093184,9577923
2026-10-08T12:00:29.732Z,conversion-1,459190272,787468288,10091954
2026-10-08T12:00:31.464Z,conversion-1,464277504,792166400,10442161
2026-10-08T12:00:33.223Z,conversion-1,465313792,793554944,10510526
2026-10-08T12:00:34.965Z,conversion-1,468217856,799023104,11392807
2026-10-08T12:00:36.685Z,conversion-1,471347200,800714752,12637540
2026-10-08T12:00:38.437Z,conversion-1,467390464,796966912,13292209
2026-10-08T12:00:40.188Z,conversion-1,467734528,797302784,13818247
2026-10-08T12:00:41.929Z,conversion-1,466706432,796532736,14460963
2026-10-08T12:00:43.664Z,conversion-1,468713472,798257152,15302832
2026-10-08T12:00:45.412Z,conversion-1,467267584,797147136,16514709
2026-10-08T12:00:47.154Z,conversion-1,467832832,797687808,16650904
2026-10-08T12:00:48.913Z,conversion-1,469004288,798601216,17793716
2026-10-08T12:00:50.643Z,conversion-1,464855040,795697152,18315788
2026-10-08T12:00:52.400Z,conversion-1,465526784,796381184,18449795
2026-10-08T12:00:54.234Z,conversion-1,466726912,797409280,19515124
2026-10-08T12:00:55.981Z,conversion-1,466788352,797941760,20611398
2026-10-08T12:00:57.929Z,conversion-1,464838656,796250112,21072617
2026-10-08T12:00:59.685Z,conversion-1,467480576,798629888,22643909
2026-10-08T12:01:01.510Z,conversion-1,510259200,888512512,22959384